GROUP,PACKAGE,CLASS,INSTRUCTION_MISSED,INSTRUCTION_COVERED,BRANCH_MISSED,BRANCH_COVERED,LINE_MISSED,LINE_COVERED,COMPLEXITY_MISSED,COMPLEXITY_COVERED,METHOD_MISSED,METHOD_COVERED
spring-boot-jwt,com.cerner.server,MySQLServer,0,8,0,0,0,3,0,2,0,2
spring-boot-jwt,com.cerner.server.service,JwtUserDetailsService,0,47,0,2,0,9,0,4,0,3
spring-boot-jwt,com.cerner.server.config,JwtTokenUtil,59,36,4,0,9,6,8,3,6,3
spring-boot-jwt,com.cerner.server.config,JwtRequestFilter,59,24,8,2,14,9,5,2,0,2
spring-boot-jwt,com.cerner.server.config,JwtAuthenticationEntryPoint,0,8,0,0,0,3,0,2,0,2
spring-boot-jwt,com.cerner.server.config,WebSecurityConfig,0,59,0,0,0,12,0,5,0,5
spring-boot-jwt,com.cerner.server.model,JwtRequest,0,23,0,0,0,10,0,5,0,5
spring-boot-jwt,com.cerner.server.model,UserDataAccessObject,0,17,0,0,0,7,0,5,0,5
spring-boot-jwt,com.cerner.server.model,JwtResponse,0,9,0,0,0,4,0,2,0,2
spring-boot-jwt,com.cerner.server.model,UserDataStoringObject,0,17,0,0,0,7,0,5,0,5
spring-boot-jwt,com.cerner.server.controller,JwtAuthenticationController,0,50,0,0,0,12,0,4,0,4
